Chromosome,Position,MH Nuke,Primate Nuke
22,17072483,G,A
22,17073066,G,A
22,17264565,T,G
22,17265124,C,A
22,17442914,G,A
22,17443238,A,T
22,17443650,T,C
22,17446991,T,C
22,17450844,G,A
22,17450929,C,T
22,17450942,G,C
22,17468901,G,C
22,17565932,C,T
22,17565974,C,G
22,17591089,A,G
22,17591144,T,C
22,17591697,A,G
22,17591817,C,G
22,17591869,T,C
22,17591973,G,T
22,17592642,G,A
22,17592780,T,C
22,17593168,C,T
22,17593661,C,T
22,17594886,T,C
22,17594915,G,A
22,17596178,C,T
22,17596388,C,G
22,17596470,G,A
22,17598019,C,G
22,17598381,T,C
22,17598397,G,A
22,17598406,G,A
22,17600148,G,A
22,17618410,T,A
22,17618425,T,C
22,17618672,C,G
22,17618682,G,A
22,17630486,A,C
22,17630621,A,G
22,18043300,G,A
22,18073568,T,C
22,18073627,C,T
22,18073682,T,C
22,18075201,G,A
22,18080973,G,A
22,18083867,C,T
22,18166050,A,G
22,18209480,A,G
22,18209613,G,A
22,18210408,T,C
22,18210857,C,T
22,18211115,G,A
22,18211146,C,T
22,18211205,C,T
22,18211682,C,T
22,18212211,A,G
22,18212326,T,C
22,18213013,A,T
22,18213054,G,C
22,18213057,A,G
22,18213099,G,A
22,18213474,G,A
22,18216957,G,A
22,18217023,A,G
22,18217168,A,G
22,18217593,T,C
22,18217789,C,A
22,18218023,C,T
22,18218169,A,G
22,18218191,T,C
22,18218332,C,T
22,18270454,T,A
22,18291638,A,G
22,18378104,G,A
22,18379053,A,G
22,18379697,C,T
22,18566493,T,A
22,18568014,A,G
22,18570756,A,C
22,18571305,A,G
22,18571595,A,G
22,18571631,T,G
22,18571828,C,T
22,18571959,T,G
22,18572430,G,A
22,18572892,G,A
22,18573086,G,C
22,18573122,C,T
22,18573531,G,C
22,18573544,G,T
22,18573650,C,T
22,18573659,G,A
22,18573835,G,A
22,18573879,T,C
22,18574091,G,A
22,18574361,A,G
22,18574602,G,A
22,18574672,G,A
22,18574715,T,C
22,18574785,C,G
22,18575263,G,A
22,18575486,A,G
22,18576570,G,T
22,18576836,G,A
22,18576964,A,T
22,18577286,T,C
22,18577379,A,G
22,18577405,T,C
22,18577470,C,T
22,18578096,T,C
22,18578107,T,C
22,18578164,T,C
22,18578297,C,A
22,18578380,G,A
22,18578542,A,G
22,18579134,A,G
22,18579561,A,C
22,18579687,A,G
22,18580324,C,T
22,18580956,A,G
22,18581531,T,G
22,18581909,C,T
22,18582120,A,G
22,18582170,T,G
22,18582210,A,G
22,18582277,T,A
22,18582295,A,C
22,18582433,A,G
22,18583074,T,C
22,18583248,G,A
22,18583267,C,T
22,18583504,A,T
22,18583511,G,A
22,18584112,T,C
22,18584137,G,C
22,18584219,G,A
22,18584623,C,T
22,18584834,T,C
22,18584876,C,A
22,18585019,T,C
22,18585059,A,G
22,18585201,C,A
22,18585397,G,A
22,18586174,T,C
22,18586268,C,T
22,18586337,T,A
22,18586429,C,G
22,18586926,G,T
22,18587794,C,T
22,18587864,G,A
22,18614077,T,C
22,18899487,T,C
22,18900669,G,A
22,18900750,A,G
22,18901004,T,C
22,18904414,G,A
22,18908875,G,A
22,18912707,T,C
22,19025035,T,C
22,19026025,G,A
22,19117885,C,G
22,19117961,C,T
22,19118763,G,A
22,19120867,T,C
22,19121293,A,G
22,19134614,C,T
22,19134852,G,C
22,19163952,T,C
22,19167409,C,T
22,19187314,G,A
22,19187326,T,C
22,19197896,C,T
22,19197977,G,A
22,19203752,T,C
22,19213101,T,C
22,19226849,T,C
22,19318542,T,C
22,19318622,C,T
22,19348786,T,C
22,19363249,T,C
22,19379681,A,G
22,19419851,C,A
22,19423250,G,A
22,19428508,C,G
22,19428524,A,G
22,19429074,T,C
22,19429211,T,C
22,19429325,A,C
22,19429361,G,A
22,19429466,C,T
22,19429968,A,G
22,19430472,T,C
22,19430707,A,G
22,19430839,C,T
22,19431084,G,C
22,19431396,C,T
22,19431485,A,G
22,19437568,G,A
22,19437798,T,C
22,19438051,A,G
22,19462607,C,T
22,19462613,T,C
22,19471486,T,C
22,19481876,G,A
22,19482085,G,C
22,19504076,G,T
22,19506413,T,A
22,19508128,C,T
22,19712094,T,C
22,19747082,C,G
22,19771568,G,A
22,19772794,C,G
22,19773308,C,T
22,19775287,G,A
22,19833940,G,T
22,19834260,A,T
22,19835033,C,G
22,19835046,A,T
22,19835216,C,T
22,19835251,C,T
22,19835383,G,T
22,19835419,C,T
22,19835441,T,C
22,19835519,C,A
22,19835614,T,A
22,19835733,A,G
22,19836641,A,G
22,19836657,G,T
22,19836664,A,C
22,19836826,C,T
22,19836852,C,T
22,19837573,T,C
22,19838338,G,A
22,19868218,G,A
22,19907118,A,G
22,19957023,T,C
22,19957787,T,C
22,19959473,T,C
22,19969075,G,A
22,20052532,G,C
22,20052566,A,G
22,20052840,G,A
22,20053572,A,T
22,20053979,C,T
22,20054060,T,C
22,20054367,C,T
22,20054404,C,A
22,20054458,A,C
22,20054507,G,A
22,20077771,T,C
22,20077777,C,T
22,20098168,G,C
22,20098334,T,C
22,20098376,T,C
22,20098567,G,T
22,20114878,G,A
22,20761384,A,C
22,20761910,A,G
22,20761954,C,T
22,20762490,C,T
22,20762621,G,A
22,20762694,C,T
22,20762732,C,A
22,20779604,G,T
22,20779768,C,G
22,20779946,G,C
22,20779947,C,G
22,20780031,C,G
22,20940058,G,C
22,21082089,G,A
22,21119511,T,C
22,21141992,T,G
22,21153462,T,C
22,21153492,C,T
22,21224818,A,G
22,21241989,T,C
22,21242459,A,G
22,21242544,A,G
22,21243940,G,A
22,21244385,G,T
22,21244940,G,A
22,21304055,A,G
22,21304304,T,C
22,21304408,G,A
22,21304463,C,T
22,21304596,T,C
22,21305211,G,A
22,21305359,C,T
22,21305391,C,A
22,21305417,C,G
22,21305889,G,A
22,21305897,C,A
22,21305919,T,G
22,21306119,G,A
22,21306400,G,A
22,21306656,G,A
22,21306743,G,A
22,21307058,T,C
22,21331043,T,A
22,21332218,T,C
22,21332254,C,G
22,21335606,T,C
22,21335611,G,A
22,21342348,C,T
22,21354970,G,C
22,21377301,A,C
22,21380897,G,A
22,21381551,T,C
22,21381646,C,T
22,21381682,G,A
22,21381819,G,A
22,21383394,T,C
22,21797094,G,C
22,21797102,C,G
22,21800042,C,T
22,21800444,C,T
22,21801588,A,T
22,21802731,T,C
22,21802957,G,A
22,21802962,C,G
22,21802986,T,C
22,21803359,C,T
22,21803417,G,A
22,21803530,A,G
22,21803650,A,G
22,21803910,A,G
22,21965298,C,T
22,21977887,A,C
22,22051671,G,A
22,22052206,T,C
22,22052840,C,T
22,22052848,C,G
22,22053747,C,G
22,22053893,G,C
22,22054066,T,C
22,22054074,C,A
22,22054169,T,C
22,22054577,G,A
22,22054607,T,C
22,22055202,C,T
22,22055280,G,A
22,22055394,G,A
22,22123370,C,T
22,22273830,T,C
22,22273853,T,C
22,22276751,G,T
22,22314721,G,A
22,22322032,A,G
22,22323081,C,T
22,22599724,C,T
22,22839096,A,C
22,22839144,T,C
22,22839559,G,A
22,22840262,A,G
22,22840805,T,C
22,22841161,A,C
22,22841373,C,T
22,22841518,A,G
22,22841604,G,C
22,22841841,T,A
22,22841846,C,T
22,22842279,C,T
22,22842836,T,A
22,22842957,G,T
22,22843118,T,C
22,22843275,T,C
22,22868128,C,T
22,22868211,G,A
22,22868653,A,G
22,22869234,C,T
22,22869270,G,C
22,22869318,T,C
22,22869355,C,G
22,22869568,T,C
22,22869625,C,T
22,22869649,C,G
22,22869742,C,A
22,22869819,C,T
22,22874538,C,G
22,22890366,G,T
22,22890496,G,C
22,22890645,C,T
22,22890656,G,A
22,22890854,C,T
22,22892194,C,T
22,22892285,T,C
22,22892499,C,T
22,22892515,T,C
22,22899319,G,T
22,22899363,A,G
22,22899364,G,A
22,22899414,G,A
22,22988811,G,A
22,22989256,G,A
22,23230001,T,C
22,23237986,C,T
22,23465624,T,C
22,23465676,A,G
22,23466171,T,C
22,23466388,T,G
22,23466636,G,A
22,23467163,G,T
22,23481044,T,C
22,23481055,G,A
22,23482460,G,A
22,23482506,C,T
22,23503170,G,A
22,23503756,A,G
22,23503775,C,T
22,23503819,C,T
22,23503870,G,A
22,23504326,C,T
22,23504405,C,T
22,23504658,C,T
22,23504896,G,A
22,23504916,A,G
22,23504959,T,C
22,23505010,G,A
22,23505084,C,G
22,23505318,A,G
22,23505398,G,A
22,23505467,A,C
22,23505577,A,G
22,23505617,A,G
22,23505804,A,G
22,23505846,T,C
22,23505934,C,T
22,23506045,G,C
22,23506135,G,T
22,23506483,G,A
22,23506577,T,C
22,23507205,C,T
22,23603187,G,T
22,23603208,G,A
22,23627369,G,A
22,23657869,C,A
22,23657875,A,C
22,23657966,A,G
22,23657980,A,G
22,23659043,G,A
22,23659157,G,C
22,23659783,G,C
22,23956359,T,C
22,23974177,G,T
22,23974222,A,G
22,23974428,T,C
22,24034288,G,A
22,24035970,T,C
22,24038847,C,T
22,24080997,G,A
22,24081216,A,G
22,24081813,T,A
22,24082570,T,C
22,24083044,C,T
22,24083199,G,A
22,24083768,G,A
22,24083971,A,G
22,24084379,A,G
22,24084523,G,C
22,24084932,C,T
22,24084980,G,A
22,24085339,A,G
22,24085397,T,C
22,24085475,G,C
22,24085604,T,A
22,24085754,T,C
22,24085825,A,G
22,24086107,G,A
22,24086398,G,A
22,24086881,G,A
22,24086908,A,G
22,24087150,T,G
22,24108412,A,G
22,24109774,G,T
22,24121378,T,C
22,24135750,C,T
22,24143215,A,G
22,24177697,A,G
22,24178279,A,G
22,24178358,A,G
22,24178590,G,C
22,24178942,A,G
22,24199125,C,G
22,24210739,G,A
22,24217349,A,G
22,24226610,T,C
22,24227391,C,A
22,24227493,A,G
22,24228125,C,T
22,24228238,G,A
22,24314006,T,G
22,24376322,A,G
22,24434895,A,C
22,24451492,G,A
22,24459438,C,T
22,24460632,T,C
22,24480690,C,G
22,24509561,A,G
22,24717850,G,A
22,24718691,T,C
22,24726334,G,A
22,24734436,C,A
22,24759275,A,G
22,24759280,T,G
22,24810537,C,T
22,24811667,A,G
22,24812338,T,C
22,24812392,T,C
22,24812623,G,A
22,24812669,C,T
22,24812803,A,G
22,24813120,C,T
22,24813563,T,C
22,24909357,T,C
22,24919618,G,A
22,24921822,T,C
22,24922032,A,G
22,24922117,C,T
22,24922356,T,C
22,24922366,G,A
22,24922409,G,A
22,24922787,A,G
22,24923612,C,T
22,24923662,A,G
22,24923683,G,A
22,24923758,T,C
22,24923824,T,G
22,24924118,T,C
22,24924141,C,G
22,24924288,T,C
22,24936455,T,A
22,24936584,C,T
22,24936970,G,A
22,24936983,C,T
22,24937487,G,A
22,24937488,G,C
22,24937644,T,C
22,24938170,T,A
22,24938330,G,C
22,24938465,A,G
22,24938839,A,G
22,24938908,G,A
22,24951086,G,A
22,24964128,C,T
22,24967956,T,G
22,24968023,A,G
22,24968798,T,C
22,24968881,A,G
22,24968894,G,T
22,24969293,T,G
22,24969299,T,G
22,24969355,T,C
22,24969382,A,G
22,24969449,G,T
22,24969759,C,A
22,24969852,T,A
22,24969969,G,T
22,24970020,C,T
22,24970107,G,A
22,24970188,G,A
22,24970361,A,G
22,24970427,G,A
22,25115415,G,T
22,25121437,C,G
22,25131739,A,T
22,25144951,A,G
22,25150147,C,T
22,25152521,T,C
22,25152593,G,A
22,25155944,G,C
22,25170454,C,T
22,25264767,T,C
22,25320268,C,T
22,25320640,A,T
22,25321302,C,T
22,25321325,A,G
22,25321446,C,T
22,25321537,C,G
22,25321589,G,A
22,25321720,C,T
22,25322180,T,C
22,25322971,T,C
22,25323179,G,T
22,25323225,T,C
22,25330980,T,A
22,25331041,A,G
22,25566897,T,C
22,25577733,C,T
22,25588630,G,A
22,25588787,G,A
22,25588955,T,C
22,25589091,A,G
22,25589384,G,A
22,25590383,G,T
22,25590786,T,C
22,25591140,C,T
22,25591192,A,G
22,25591200,A,G
22,25591250,A,G
22,25591278,C,T
22,25591320,G,A
22,25591442,A,G
22,25591607,A,G
22,25591744,G,A
22,25591883,A,G
22,25591910,A,G
22,25592031,A,G
22,25592317,A,G
22,25592350,A,G
22,25592644,T,C
22,25593022,C,T
22,25597382,G,A
22,25598647,T,G
22,25756559,T,G
22,25756674,T,C
22,25757199,A,G
22,25757268,G,A
22,25757309,G,A
22,25757768,T,C
22,25757773,G,T
22,25757903,G,C
22,26107055,T,C
22,26110482,A,G
22,26117343,A,G
22,26118591,T,C
22,26118731,A,G
22,26118928,A,G
22,26119715,C,A
22,26119749,G,A
22,26119767,T,C
22,26120336,C,T
22,26120508,T,C
22,26120532,A,G
22,26120621,G,A
22,26120766,G,A
22,26120858,C,T
22,26121044,C,A
22,26121085,A,G
22,26121103,A,G
22,26121445,T,C
22,26121980,G,T
22,26122312,A,T
22,26122364,A,G
22,26122539,G,A
22,26122570,G,A
22,26122608,C,T
22,26122702,T,A
22,26122871,A,C
22,26122957,T,G
22,26123080,G,A
22,26123150,C,A
22,26123543,G,T
22,26123568,A,G
22,26123585,A,C
22,26123613,C,T
22,26123658,G,A
22,26124149,G,A
22,26124164,C,T
22,26124169,T,C
22,26124236,G,A
22,26124259,A,G
22,26124312,G,C
22,26124332,T,C
22,26124583,T,C
22,26124634,C,T
22,26124708,T,C
22,26124788,T,A
22,26124831,C,T
22,26124897,A,G
22,26125035,G,A
22,26125077,C,T
22,26125160,G,A
22,26125238,G,T
22,26159209,G,A
22,26159227,A,G
22,26159326,G,A
22,26159336,G,C
22,26159352,G,C
22,26164467,C,A
22,26165325,G,A
22,26165341,C,T
22,26165353,G,C
22,26173661,C,T
22,26177730,A,G
22,26193982,G,C
22,26194045,C,T
22,26239850,A,C
22,26243399,T,C
22,26247464,G,A
22,26294276,T,C
22,26306917,A,G
22,26422454,T,C
22,26422462,G,A
22,26426722,G,A
22,26688463,T,C
22,26688865,A,G
22,26688979,G,A
22,26702015,A,C
22,26702034,A,G
22,26706759,C,T
22,26776390,A,G
22,26776553,G,A
22,26776597,T,G
22,26776735,A,G
22,26777025,G,A
22,26777054,T,C
22,26777202,A,G
22,26777224,G,C
22,26777329,T,C
22,26777366,C,T
22,26777372,A,G
22,26777433,C,T
22,26777440,A,G
22,26777447,A,G
22,26777483,A,G
22,26777904,A,G
22,26777969,G,T
22,26778183,G,A
22,26778461,G,A
22,26778480,T,G
22,26778747,C,T
22,26778931,T,C
22,26779087,T,C
22,26779253,C,G
22,26839142,T,C
22,26839359,G,A
22,26840046,G,A
22,26840093,G,A
22,26840370,C,T
22,26840464,C,G
22,26840629,A,G
22,26840864,G,C
22,26840870,G,A
22,26840881,C,T
22,26840935,A,G
22,26846978,G,C
22,26847105,C,A
22,26847177,T,G
22,26847182,C,T
22,26847291,G,A
22,26847618,A,G
22,26847881,G,C
22,26848067,C,T
22,26848251,G,A
22,26848288,C,T
22,26848306,C,T
22,26848336,G,A
22,26848341,G,A
22,26848519,A,G
22,26848727,A,C
22,26848736,G,C
22,26849238,T,C
22,26849286,G,A
22,26849349,G,A
22,26853905,A,C
22,26854441,A,G
22,26859942,T,C
22,26861502,G,A
22,26868845,C,T
22,26872986,G,A
22,26877763,G,C
22,26877784,T,G
22,26877981,A,G
22,26877992,C,T
22,26878024,G,A
22,26878168,C,A
22,26884039,A,G
22,26887234,T,C
22,26887811,C,A
22,26887829,G,A
22,26887879,T,C
22,26887940,T,C
22,26888757,G,C
22,26889510,T,C
22,26889564,T,C
22,26889891,G,C
22,26894852,T,C
22,26895337,A,G
22,26906031,G,T
22,26907145,G,A
22,26908396,C,A
22,26918174,C,A
22,26918389,A,C
22,26918502,A,C
22,26918507,A,G
22,26918546,C,A
22,26918661,A,G
22,26918674,T,C
22,26918867,T,G
22,26919526,A,G
22,26919613,C,T
22,26919962,G,T
22,26920063,T,G
22,26920106,C,T
22,26920303,G,A
22,26920324,T,A
22,26920331,A,G
22,26921304,T,C
22,26921539,T,C
22,26921617,A,G
22,26921776,C,T
22,26937327,G,C
22,26995528,G,C
22,27012141,C,G
22,27021457,C,T
22,27021499,A,G
22,27021576,C,T
22,27026382,A,G
22,27026475,G,A
22,27026518,T,C
22,27026629,T,C
22,28144754,A,G
22,28144973,A,G
22,28145240,C,T
22,28145253,T,C
22,28145452,G,C
22,28145463,G,A
22,28145525,C,T
22,28145816,C,T
22,28146091,G,A
22,28146289,A,G
22,28146316,T,A
22,28146382,T,C
22,28146544,C,T
22,28146832,A,C
22,28146889,A,G
22,28374143,T,C
22,28374219,A,G
22,28374539,C,T
22,28374740,A,T
22,28374907,G,A
22,28375006,C,T
22,28375041,G,A
22,28375068,G,A
22,28375126,C,T
22,28375329,A,G
22,28375423,G,A
22,28375674,A,C
22,28375788,G,A
22,28376239,A,G
22,28377094,A,C
22,28377139,G,A
22,28377558,A,G
22,28379790,G,C
22,28381274,A,G
22,28397410,G,A
22,28490155,A,G
22,28492194,C,G
22,28501353,G,A
22,29025549,C,T
22,29092967,A,G
22,29138027,A,G
22,29141917,A,G
22,29147255,G,C
22,29153066,A,G
22,29168755,C,T
22,29177060,A,G
22,29182123,C,A
22,29182169,C,T
22,29182193,T,C
22,29182230,G,A
22,29182235,C,T
22,29182247,C,A
22,29182500,A,C
22,29182562,G,C
22,29182726,A,G
22,29183119,A,G
22,29183147,G,A
22,29183424,G,A
22,29183466,G,A
22,29183541,T,C
22,29183761,C,T
22,29183859,T,C
22,29184312,A,G
22,29184533,A,T
22,29184764,T,G
22,29184771,T,A
22,29184780,G,T
22,29185240,A,T
22,29191047,C,A
22,29191089,T,C
22,29191253,T,G
22,29442715,C,T
22,29442736,A,G
22,29445324,A,G
22,29446611,C,A
22,29449979,T,C
22,29450847,C,T
22,29451322,G,A
22,29451767,T,G
22,29451793,T,G
22,29451829,A,T
22,29452278,G,A
22,29452310,A,G
22,29452417,C,T
22,29452461,G,A
22,29452682,C,G
22,29452852,T,A
22,29452996,A,G
22,29453434,C,A
22,29454674,G,T
22,29457852,T,C
22,29563498,G,A
22,29563641,G,A
22,29563661,C,T
22,29564278,C,T
22,29627012,A,G
22,29627086,T,C
22,29655371,T,C
22,29655417,G,T
22,29678520,T,C
22,29695311,T,C
22,29696510,G,C
22,29711251,C,T
22,29723840,C,T
22,29727866,T,C
22,29727886,C,T
22,29755888,C,T
22,29838063,A,G
22,29885356,C,T
22,29885861,C,T
22,29885971,T,C
22,29886155,A,G
22,29886758,A,G
22,29887186,C,G
22,29902920,G,A
22,29903117,T,C
22,29903404,G,A
22,29903923,G,A
22,29904445,A,G
22,29904503,A,G
22,29908072,C,T
22,29908112,G,A
22,29932646,G,A
22,29938925,G,A
22,29949717,C,G
22,29950818,T,G
22,29951152,C,T
22,29951245,A,G
22,29951283,G,A
22,29951650,T,A
22,29951715,G,A
22,29999878,C,G
22,30090833,A,C
22,30093143,A,G
22,30093196,T,C
22,30093417,T,C
22,30093512,C,T
22,30093924,A,T
22,30126265,C,G
22,30126644,C,T
22,30127692,G,A
22,30134390,C,T
22,30165774,G,A
22,30165954,G,A
22,30166190,C,T
22,30166233,C,G
22,30184748,T,C
22,30184950,G,A
22,30210707,T,C
22,30415490,C,T
22,30415940,C,T
22,30416059,G,A
22,30416172,G,A
22,30421849,A,G
22,30422021,T,C
22,30422107,G,C
22,30422537,T,C
22,30422620,T,G
22,30422628,G,C
22,30422910,A,G
22,30424019,T,C
22,30424228,C,G
22,30424451,A,G
22,30424863,G,C
22,30425082,T,C
22,30425434,T,C
22,30425479,C,A
22,30425795,C,G
22,30425851,A,G
22,30426323,G,A
22,30426385,A,C
22,30426539,C,A
22,30426721,T,A
22,30489986,T,A
22,30494883,T,C
22,30514971,G,A
22,30515006,C,G
22,30637884,G,A
22,30637984,G,C
22,30638642,T,C
22,30638783,T,C
22,30638923,C,T
22,30638935,C,G
22,30638958,A,G
22,30638977,T,C
22,30681257,G,C
22,30727986,T,C
22,30728319,A,G
22,30728392,C,T
22,30728500,T,C
22,30728796,A,T
22,30728847,C,T
22,30728884,A,G
22,30728924,A,G
22,30729386,C,T
22,30729750,A,G
22,30730145,G,A
22,30730186,G,A
22,30730263,C,T
22,30730317,G,A
22,30730359,A,G
22,30730420,C,G
22,30733111,C,A
22,30734811,A,G
22,30752696,T,G
22,30771554,G,T
22,30773414,C,T
22,30774319,A,G
22,30774340,G,A
22,30774972,T,G
22,30775004,T,C
22,30803568,A,G
22,30805197,A,G
22,30818409,T,C
22,30818961,G,T
22,30820077,G,C
22,30820550,T,C
22,30821208,G,A
22,30823196,C,T
22,30824938,C,A
22,30855332,C,T
22,30855821,G,A
22,30855858,T,C
22,30855891,A,G
22,30855961,C,G
22,30857373,C,A
22,30857448,G,A
22,30862328,G,A
22,30884976,G,A
22,30890162,G,A
22,30891250,T,C
22,30891286,T,C
22,30918868,T,C
22,30919175,T,A
22,30919289,C,T
22,30919507,A,G
22,30920069,T,C
22,30920261,C,T
22,30927975,T,C
22,30934887,A,G
22,30977005,G,A
22,30977026,G,A
22,30984017,A,C
22,30984032,A,G
22,30985237,G,A
22,30987878,G,A
22,31008999,T,C
22,31010465,T,C
22,31019039,T,C
22,31032309,T,C
22,31032920,G,A
22,31043444,G,A
22,31043548,A,T
22,31057783,A,C
22,31057801,G,T
22,31057869,G,A
22,31057952,C,T
22,31058501,C,T
22,31058788,G,C
22,31058957,G,A
22,31059413,C,G
22,31266546,C,T
22,31302341,A,G
22,31303213,T,C
22,31303661,A,G
22,31303789,C,T
22,31321153,G,A
22,31321378,C,A
22,31322274,A,C
22,31322400,A,C
22,31322524,C,T
22,31330152,G,A
22,31330895,G,A
22,31330918,G,A
22,31330966,A,G
22,31334153,A,C
22,31338100,G,A
22,31346366,G,A
22,31354653,G,A
22,31359318,G,C
22,31363102,G,T
22,31363113,G,A
22,31363145,T,G
22,31363252,A,C
22,31363315,C,T
22,31363326,A,T
22,31363924,C,T
22,31363953,C,T
22,31364012,G,A
22,31364089,T,C
22,31530594,A,G
22,31530899,C,T
22,31530957,G,A
22,31531050,T,C
22,31531059,A,C
22,31531276,T,C
22,31533820,A,C
22,31533943,C,A
22,31535917,C,T
22,31535979,A,G
22,31536133,C,A
22,31602139,G,A
22,31602187,T,C
22,31644418,A,G
22,31655896,G,A
22,31673421,G,T
22,31673506,T,A
22,31673525,A,G
22,31677744,A,G
22,31678156,G,C
22,31678612,A,T
22,31678634,A,G
22,31678642,C,T
22,31678868,C,G
22,31678958,G,C
22,31721975,A,T
22,31722340,A,G
22,31722595,A,G
22,31722666,T,C
22,31722758,G,A
22,31722934,C,T
22,31819292,A,G
22,31829862,C,T
22,31829927,T,C
22,31830312,C,T
22,31830421,C,T
22,31835708,T,C
22,31837991,C,T
22,31844145,T,C
22,31850238,G,A
22,31854539,A,G
22,31859865,G,A
22,31867853,T,C
22,31946252,C,T
22,31946270,G,C
22,31953013,A,G
22,31969094,A,G
22,31969197,A,G
22,31971258,C,T
22,31976299,T,C
22,31976326,T,C
22,31985517,C,T
22,32077454,C,G
22,32077718,C,T
22,32077934,A,G
22,32078548,A,G
22,32078607,G,A
22,32079654,C,T
22,32079690,C,G
22,32079703,C,T
22,32080189,C,A
22,32080244,G,A
22,32080336,A,G
22,32080343,C,G
22,32080360,A,G
22,32080583,A,G
22,32080871,G,A
22,32081060,A,G
22,32108497,T,G
22,32108557,C,T
22,32108842,G,A
22,32108923,C,T
22,32109282,C,T
22,32109412,C,G
22,32109759,C,T
22,32109928,G,A
22,32109954,A,G
22,32110163,G,A
22,32110214,G,A
22,32110419,C,T
22,32110463,G,A
22,32110561,A,G
22,32110632,C,T
22,32110809,C,T
22,32110970,C,T
22,32111434,C,T
22,32111593,C,T
22,32111711,T,C
22,32112075,C,T
22,32112168,C,T
22,32112461,T,C
22,32112555,T,A
22,32112994,A,G
22,32113130,T,G
22,32113236,C,T
22,32134504,C,T
22,32134601,G,C
22,32156666,T,A
22,32162615,T,C
22,32174133,C,T
22,32198733,G,A
22,32200161,T,C
22,32200185,G,A
22,32200851,T,G
22,32205632,A,G
22,32215036,A,G
22,32217489,G,A
22,32234710,A,G
22,32239103,T,C
22,32269280,T,C
22,32270328,A,G
22,32270335,T,C
22,32302712,C,T
22,32302740,G,A
22,32302793,G,A
22,32329671,A,G
22,32334021,T,A
22,32352419,G,A
22,32352560,C,G
22,32353077,A,G
22,32353589,T,C
22,32462984,T,C
22,32480936,G,C
22,32482208,A,C
22,32495215,C,G
22,32498036,C,T
22,32500870,T,C
22,32506041,A,G
22,32506050,C,G
22,32506138,T,A
22,32506199,G,A
22,32506223,T,C
22,32506309,T,C
22,32506438,C,T
22,32506497,C,T
22,32506593,T,C
22,32506644,T,C
22,32506859,A,G
22,32506912,T,G
22,32507013,T,C
22,32507078,T,C
22,32507338,G,T
22,32507557,G,T
22,32507586,A,T
22,32507974,G,A
22,32508140,G,A
22,32508451,G,A
22,32508457,G,A
22,32554977,A,G
22,32555009,C,T
22,32555276,G,T
22,32614577,G,A
22,32620311,C,G
22,32620377,G,A
22,32620437,T,C
22,32621753,A,C
22,32621764,G,A
22,32626998,G,A
22,32634977,G,A
22,32647781,G,A
22,32651252,T,C
22,32756934,A,G
22,32757012,T,C
22,32784006,C,T
22,32795611,C,A
22,32795626,T,C
22,32795641,C,T
22,32809983,G,T
22,32810012,T,G
22,32810123,G,C
22,32810345,A,C
22,32811928,C,T
22,32811952,G,A
22,32813109,C,G
22,32813124,A,G
22,32815378,A,G
22,32828465,T,C
22,32831719,A,G
22,32881060,C,T
22,32894192,T,G
22,32894333,G,A
22,32894374,C,G
22,32894382,G,C
22,32894705,A,G
22,32894735,A,G
22,32894755,C,T
22,32904650,G,A
22,32905060,A,G
22,32905130,G,A
22,32905370,A,G
22,32905437,G,T
22,32905470,G,A
22,32905479,A,G
22,32905973,G,C
22,32906137,G,C
22,32906156,C,T
22,32906188,A,G
22,32906203,G,C
22,32906217,T,G
22,32906225,T,C
22,32906272,G,C
22,32906393,T,G
22,32906494,A,G
22,32906693,C,T
22,32906894,A,T
22,32906964,G,A
22,32907094,A,G
22,32907137,C,T
22,32907609,G,A
22,32907721,C,G
22,32907923,T,C
22,32907976,A,G
22,32908291,A,G
22,32908738,C,T
22,32909401,C,T
22,32909487,C,T
22,32909656,T,C
22,32937591,T,C
22,33254032,G,A
22,33255547,A,G
22,33255674,A,G
22,33255879,G,C
22,33255916,G,C
22,33256262,T,G
22,33256270,C,G
22,33256640,T,C
22,33257322,T,C
22,33257366,A,G
22,33257388,T,G
22,33257662,T,G
22,33257954,G,A
22,33258074,C,T
22,33258098,C,G
22,33258837,A,C
22,33327413,C,T
22,33402608,T,C
22,33668638,T,C
22,33668705,G,C
22,33668815,T,G
22,33668858,G,T
22,33668934,C,T
22,33669042,C,T
22,33669427,G,T
22,33669466,G,A
22,33669823,T,C
22,33670021,A,C
22,33670077,T,A
22,33670101,C,T
22,33670192,T,C
22,33670313,G,A
22,33679238,T,C
22,35660774,G,A
22,35660864,A,G
22,35660996,T,C
22,35661191,C,T
22,35661418,T,C
22,35661495,G,A
22,35689735,C,G
22,35690183,A,G
22,35690244,C,G
22,35690481,C,T
22,35690532,A,G
22,35691129,C,G
22,35691393,T,C
22,35713946,G,A
22,35719515,G,C
22,35820584,T,A
22,35821286,C,T
22,35821323,G,A
22,35948293,G,T
22,35948555,C,G
22,35948622,G,C
22,35948651,C,T
22,35948710,C,A
22,35949233,T,C
22,35949533,T,A
22,35949538,T,A
22,36002933,C,T
22,36003164,G,C
22,36003458,C,G
22,36006946,G,A
22,36007018,A,C
22,36007045,A,G
22,36007075,T,C
22,36044519,G,A
22,36055110,G,A
22,36055523,G,A
22,36056077,A,G
22,36056144,A,T
22,36056186,C,A
22,36056689,A,G
22,36057041,A,G
22,36057120,C,G
22,36057353,C,G
22,36057385,T,A
22,36057467,C,T
22,36057505,A,G
22,36057871,G,A
22,36058076,C,T
22,36058302,T,C
22,36059255,C,A
22,36059330,C,G
22,36059365,C,T
22,36059737,C,T
22,36059946,T,C
22,36061241,G,A
22,36061253,A,T
22,36061867,C,T
22,36062686,T,A
22,36063061,C,T
22,36063114,T,C
22,36063200,A,G
22,36063221,T,C
22,36063398,A,G
22,36063464,C,T
22,36063915,A,C
22,36064164,C,T
22,36122445,G,C
22,36122486,C,T
22,36122509,G,A
22,36122827,C,A
22,36124830,T,G
22,36135560,A,G
22,36135695,A,G
22,36135806,C,T
22,36136158,T,A
22,36136649,T,C
22,36136688,A,G
22,36136695,G,C
22,36136863,A,G
22,36137185,T,C
22,36137193,G,A
22,36137690,C,T
22,36138636,C,A
22,36139329,C,T
22,36139630,C,T
22,36142009,A,G
22,36142525,A,G
22,36536449,C,T
22,36536496,G,A
22,36537140,C,T
22,36537251,G,C
22,36537257,A,G
22,36537971,C,A
22,36538007,T,C
22,36538055,T,C
22,36538085,G,A
22,36541604,C,G
22,36556823,T,G
22,36556896,G,A
22,36556929,C,T
22,36585242,G,A
22,36585526,T,C
22,36585564,C,T
22,36585609,A,C
22,36585627,G,T
22,36585721,G,T
22,36585858,T,C
22,36586178,A,G
22,36586204,T,C
22,36586335,T,C
22,36586348,C,A
22,36586389,A,G
22,36586499,A,G
22,36586693,C,A
22,36586938,A,C
22,36587202,A,G
22,36587223,T,G
22,36587279,G,A
22,36587486,G,A
22,36587511,T,C
22,36587952,T,C
22,36591380,G,A
22,36598049,G,C
22,36598058,C,T
22,36622506,C,T
22,36622685,T,C
22,36622714,G,C
22,36622758,T,C
22,36623034,G,A
22,36623064,A,G
22,36623148,C,T
22,36623731,C,T
22,36624274,C,T
22,36661330,A,G
22,36661536,A,C
22,36661566,A,G
22,36661646,A,G
22,36661842,A,G
22,36662748,A,G
22,36663248,G,A
22,36677809,C,T
22,36681229,G,A
22,36691607,C,A
22,36695038,T,C
22,36697604,C,T
22,36863289,T,C
22,36863479,C,T
22,36883483,T,C
22,36883489,C,T
22,36883598,G,T
22,36883752,G,A
22,36883780,T,C
22,36883807,A,G
22,36884175,A,T
22,36884636,C,T
22,36884795,G,A
22,36885118,T,A
22,36885599,G,A
22,36892030,A,G
22,36897352,A,G
22,36900271,C,T
22,36900378,G,C
22,36900657,T,C
22,36900756,G,A
22,36900806,A,G
22,36906918,A,G
22,36906949,G,A
22,36912630,A,G
22,36922109,C,A
22,36957309,T,C
22,36957778,A,G
22,36957994,A,G
22,36958099,G,A
22,36958585,C,T
22,36958591,G,A
22,36958596,T,G
22,36958837,G,A
22,36958850,T,G
22,37098891,T,A
22,37099538,C,G
22,37154358,T,C
22,37196871,A,G
22,37209709,G,A
22,37271882,C,T
22,37273685,A,G
22,37273905,A,G
22,37322035,C,T
22,37333794,G,A
22,37334518,G,A
22,37334687,G,A
22,37334911,G,C
22,37335354,T,C
22,37335492,C,T
22,37335538,T,C
22,37335804,T,A
22,37335849,A,G
22,37335904,C,A
22,37335921,G,A
22,37336126,T,C
22,37336228,A,G
22,37336299,A,G
22,37387219,A,T
22,37387229,G,T
22,37387595,A,G
22,37398331,G,C
22,37453452,T,C
22,37461824,G,T
22,37462936,G,A
22,37469591,A,G
22,37491606,A,G
22,37522109,T,C
22,37522765,T,G
22,37523170,C,G
22,37523702,G,A
22,37523721,C,G
22,37523867,T,C
22,37528486,T,G
22,37533675,T,C
22,37533690,G,A
22,37535242,A,C
22,37535247,T,C
22,37577210,A,G
22,37577219,C,T
22,37577907,G,A
22,37577919,T,C
22,37577931,A,G
22,37578075,T,C
22,37578090,T,A
22,37601469,A,C
22,37607981,C,A
22,37608383,G,A
22,37621445,C,G
22,37621493,C,T
22,37621639,C,A
22,37622815,A,G
22,37622827,C,T
22,37678551,G,A
22,37693647,G,A
22,37699377,C,T
22,37699386,T,C
22,37707553,T,C
22,37709913,T,C
22,37710480,G,A
22,37710569,G,T
22,37710595,A,G
22,37710767,T,G
22,37764210,T,G
22,37764567,G,C
22,37765217,G,A
22,37765240,G,T
22,37766340,G,C
22,37766571,A,C
22,37766802,G,A
22,37767604,C,T
22,37872964,T,C
22,37900276,A,G
22,38016841,A,G
22,38026160,A,G
22,38026926,A,G
22,38026977,T,A
22,38026990,G,A
22,38028855,G,A
22,38028942,C,T
22,38028955,A,C
22,38029412,A,G
22,38039128,A,G
22,38061984,A,G
22,38062396,T,C
22,38062410,C,T
22,38062652,T,C
22,38083974,G,A
22,38097444,A,G
22,38119213,A,G
22,38119584,A,G
22,38122462,G,A
22,38130413,T,A
22,38130472,C,T
22,38170026,A,G
22,38170046,C,T
22,38170360,G,A
22,38170474,T,C
22,38170682,G,A
22,38170877,A,G
22,38172077,C,G
22,38172297,G,C
22,38172326,T,C
22,38172349,G,A
22,38202452,T,G
22,38202552,C,T
22,38202642,T,G
22,38202734,C,G
22,38204089,T,C
22,38208970,A,T
22,38213102,C,T
22,38220964,C,T
22,38227054,G,A
22,38227078,C,G
22,38227098,T,G
22,38227460,T,C
22,38227815,C,T
22,38313724,G,A
22,38313760,G,A
22,38336861,C,T
22,38337647,T,C
22,38337761,T,C
22,38337795,T,C
22,38337958,T,C
22,38341124,T,G
22,38349089,A,G
22,38364552,C,T
22,38368974,A,G
22,38369027,T,C
22,38369976,G,A
22,38466885,T,C
22,38466891,A,G
22,38474696,G,A
22,38483163,T,C
22,38506509,G,A
22,38507649,C,G
22,38531025,G,A
22,38577696,T,C
22,38577776,C,T
22,38598234,G,A
22,38611047,C,A
22,38612211,G,A
22,38615333,G,T
22,38615521,C,T
22,38615536,T,A
22,38615703,A,G
22,38615750,G,T
22,38626740,T,C
22,38686756,G,T
22,38687039,G,C
22,38687079,A,G
22,38823136,C,T
22,38877240,T,C
22,38877473,G,T
22,38877580,A,G
22,38879626,C,G
22,38879737,G,A
22,38879775,A,G
22,38879790,C,T
22,38879878,T,C
22,38879907,T,C
22,38880222,T,C
22,38880465,G,C
22,38880638,A,C
22,38880663,A,G
22,38880957,A,T
22,38881073,C,T
22,38881359,A,G
22,38881703,A,T
22,38881861,C,G
22,38882150,A,G
22,38889728,A,G
22,38915558,A,C
22,38915833,A,G
22,38915859,A,G
22,38958369,T,C
22,38964273,G,A
22,38974154,C,A
22,38974367,T,C
22,38974478,G,C
22,38974545,G,A
22,38974618,G,C
22,38974680,C,T
22,38974828,T,C
22,38975259,T,A
22,38975511,A,G
22,38975578,A,T
22,38975634,A,G
22,38975723,G,A
22,38975911,A,G
22,38976071,G,A
22,38976234,C,T
22,38976385,A,C
22,38976446,A,G
22,38976492,G,A
22,38976578,T,C
22,38976627,G,A
22,38976732,A,G
22,38976776,C,T
22,38977279,A,G
22,38977396,C,T
22,38977426,G,A
22,38977593,T,C
22,38977789,T,C
22,38977816,C,T
22,38977954,T,C
22,38978117,A,G
22,38978144,A,T
22,38978169,A,G
22,38978271,A,G
22,38978388,G,A
22,38978614,A,G
22,38978688,C,G
22,38979016,A,G
22,38980008,T,C
22,38980107,T,C
22,38980140,T,C
22,38980305,C,A
22,38980444,A,G
22,38980687,T,C
22,38981176,C,A
22,38981826,C,T
22,38981844,T,A
22,38981982,C,T
22,38987525,G,T
22,38995837,G,T
22,39001316,C,T
22,39003443,C,T
22,39019199,C,T
22,39022239,C,T
22,39024262,G,T
22,39024898,A,G
22,39035718,T,A
22,39035726,T,A
22,39046040,T,C
22,39046125,T,C
22,39046250,G,C
22,39069181,T,C
22,39080067,A,G
22,39080078,T,C
22,39080438,G,C
22,39080773,G,A
22,39080836,T,C
22,39080864,G,A
22,39080979,G,A
22,39081068,G,A
22,39081682,G,C
22,39081960,T,C
22,39082107,A,G
22,39082769,C,T
22,39083486,G,T
22,39083801,T,C
22,39096602,C,T
22,39120324,C,T
22,39122289,A,G
22,39127236,C,T
22,39127317,G,A
22,39127774,A,G
22,39128613,C,G
22,39131130,G,A
22,39174525,C,A
22,39174547,A,G
22,39174606,T,C
22,39174617,G,A
22,39174859,C,T
22,39175059,A,G
22,39175098,C,A
22,39175230,C,T
22,39175267,A,G
22,39175311,G,A
22,39215036,T,C
22,39215054,T,C
22,39215287,T,C
22,39215983,A,T
22,39216009,T,C
22,39216091,G,A
22,39216125,G,A
22,39216255,T,C
22,39216427,G,C
22,39216474,T,C
22,39216553,C,T
22,39217116,C,T
22,39217243,T,C
22,39218251,C,A
22,39218281,T,C
22,39218327,G,A
22,39258086,C,T
22,39258282,C,T
22,39259240,C,A
22,39259275,G,T
22,39259358,G,A
22,39260001,A,G
22,39260173,G,T
22,39260481,C,G
22,39261135,G,C
22,39355559,T,C
22,39381826,G,A
22,39382079,A,C
22,39414339,T,C
22,39414472,G,A
22,39415057,C,A
22,39415575,T,C
22,39415780,A,G
22,39418997,G,T
22,39421085,G,A
22,39421116,A,C
22,39425396,A,G
22,39425465,A,G
22,39428271,C,A
22,39428424,T,A
22,39428561,T,C
22,39428647,A,G
22,39428881,A,T
22,39428896,G,A
22,39428901,T,G
22,39429011,A,G
22,39429067,A,C
22,39429117,G,A
22,39429135,C,T
22,39429195,T,C
22,39429209,G,A
22,39441096,T,G
22,39441203,T,C
22,39448711,A,C
22,39448756,A,C
22,39448850,A,G
22,39448952,C,T
22,39449503,T,G
22,39449647,G,T
22,39449655,C,T
22,39449718,C,G
22,39450207,G,A
22,39450688,C,T
22,39450725,T,G
22,39451064,C,A
22,39451072,T,C
22,39451520,C,G
22,39451527,C,A
22,39451670,C,T
22,39451924,C,A
22,39476947,G,A
22,39477076,A,G
22,39479833,A,C
22,39482368,G,C
22,39482536,G,A
22,39496307,A,T
22,39496412,C,G
22,39498038,C,G
22,39498573,C,T
22,39499763,C,T
22,39500046,G,A
22,39527313,A,G
22,39527451,G,A
22,39527583,T,C
22,39527790,T,C
22,39527935,T,C
22,39528031,G,T
22,39529029,G,A
22,39529633,G,C
22,39529677,A,C
22,39529880,G,A
22,39619441,A,G
22,39619569,A,C
22,39619877,T,C
22,39619982,A,G
22,39620606,G,A
22,39620628,A,G
22,39640703,T,C
22,39778167,G,A
22,39778212,G,A
22,39778327,C,T
22,39778419,C,T
22,39779300,A,G
22,39780589,A,G
22,39780647,C,T
22,39781046,C,T
22,39781096,A,C
22,39781429,T,C
22,39826788,A,G
22,39827702,T,C
22,39887154,A,T
22,39887213,G,A
22,39887996,G,A
22,39900377,G,C
22,39911167,A,G
22,39912277,T,G
22,39912377,T,C
22,39912728,A,G
22,39912737,A,G
22,39912915,A,G
22,39913221,G,T
22,39913259,C,G
22,39913319,G,C
22,39914026,T,C
22,39966931,C,T
22,40030670,T,C
22,40054243,A,G
22,40054948,C,T
22,40057273,C,T
22,40058186,G,A
22,40069017,C,T
22,40083156,A,G
22,40084085,G,A
22,40085269,C,T
22,40139279,C,T
22,40139704,C,T
22,40139796,T,A
22,40161537,A,G
22,40161572,C,G
22,40231963,C,T
22,40257957,T,C
22,40283582,C,T
22,40283747,C,T
22,40283803,A,T
22,40283815,G,T
22,40343122,T,C
22,40351913,A,G
22,40362090,A,G
22,40367767,T,C
22,40367781,G,C
22,40367880,C,T
22,40367951,A,G
22,40368229,C,T
22,40368653,G,A
22,40368713,T,C
22,40368949,A,G
22,40368989,T,C
22,40369062,G,A
22,40369212,C,T
22,40369286,C,T
22,40369302,G,A
22,40369310,G,A
22,40369405,G,A
22,40369667,G,C
22,40426050,A,G
22,40426063,T,G
22,40426176,T,G
22,40426184,T,C
22,40426222,T,G
22,40426289,G,A
22,40426295,T,C
22,40426497,G,A
22,40426964,T,C
22,40427343,C,G
22,40427651,G,A
22,40428044,A,T
22,40428295,C,T
22,40428706,A,G
22,40429004,C,G
22,40429063,G,A
22,40429080,C,T
22,40429113,A,G
22,40429150,G,A
22,40429568,G,A
22,40430758,A,G
22,40430802,G,A
22,40430823,G,A
22,40430909,A,G
22,40431029,T,C
22,40431128,C,G
22,40431908,T,C
22,40432079,G,A
22,40432223,A,G
22,40432793,G,A
22,40433122,C,T
22,40433571,G,A
22,40434181,C,G
22,40434284,T,C
22,40434385,A,G
22,40434648,G,A
22,40434757,A,G
22,40434777,G,A
22,40434845,G,A
22,40435423,G,T
22,40435645,C,T
22,40435650,G,A
22,40435695,T,C
22,40435929,A,G
22,40436087,A,G
22,40436692,T,C
22,40437035,G,A
22,40437196,C,T
22,40437424,G,A
22,40437457,G,T
22,40437599,A,G
22,40437661,G,C
22,40437791,C,A
22,40438129,T,G
22,40438255,G,A
22,40438423,A,G
22,40438473,G,T
22,40438751,A,G
22,40438776,C,T
22,40438946,T,A
22,40438978,C,T
22,40662484,G,A
22,40669482,G,A
22,40704533,A,G
22,40720716,T,C
22,40720807,A,G
22,40720848,A,T
22,40720922,C,T
22,40720963,T,C
22,40721099,G,A
22,40721321,G,C
22,40722632,C,T
22,40723118,G,A
22,40723243,T,C
22,40723383,G,A
22,40723709,G,A
22,40723928,A,G
22,40724058,G,T
22,40724239,C,T
22,40724356,C,T
22,40724807,A,G
22,40724854,C,A
22,40725179,G,A
22,40725540,A,C
22,40725766,G,A
22,40725845,A,G
22,40725993,A,G
22,40726672,G,C
22,40726800,T,A
22,40727003,C,T
22,40727504,A,G
22,40727792,G,T
22,40727808,T,C
22,40728151,G,A
22,40729336,G,A
22,40729458,C,A
22,40729516,A,G
22,40729614,A,G
22,40729859,T,G
22,40730056,C,G
22,40730148,G,A
22,40745892,G,C
22,40754985,T,C
22,40756455,G,A
22,40760978,T,C
22,40762529,T,C
22,40762662,T,C
22,40762715,G,T
22,40763416,T,C
22,40763433,A,G
22,40763731,A,G
22,40764144,C,G
22,40764440,T,C
22,40807221,C,G
22,40807799,G,C
22,41075543,G,A
22,41075695,T,C
22,41078304,G,A
22,41078348,C,T
22,41078375,G,A
22,41078389,C,T
22,41165883,C,T
22,41165947,G,A
22,41166135,A,G
22,41166347,A,C
22,41166806,A,T
22,41175065,T,C
22,41175071,A,C
22,41188617,A,G
22,41220940,G,C
22,41221322,G,A
22,41255752,C,T
22,41255757,T,G
22,41255846,A,G
22,41255952,G,A
22,41256006,A,G
22,41256016,C,T
22,41256217,C,A
22,41256284,A,T
22,41256392,C,T
22,41256463,T,A
22,41256478,C,A
22,41256522,G,A
22,41256641,A,T
22,41256717,C,T
22,41257010,T,G
22,41257542,A,G
22,41257579,A,G
22,41257629,C,T
22,41257741,G,A
22,41257751,T,C
22,41303612,A,G
22,41318345,C,G
22,41320407,C,T
22,41320485,C,T
22,41322485,T,C
22,41322892,A,G
22,41322919,C,T
22,41322992,C,T
22,41323215,C,T
22,41323970,A,G
22,41324615,G,T
22,41324643,C,G
22,41325032,A,C
22,41325040,A,G
22,41325261,C,T
22,41325340,C,T
22,41325576,C,G
22,41325805,C,T
22,41325823,G,A
22,41325965,G,A
22,41326558,A,C
22,41327240,T,C
22,41327261,A,G
22,41327566,A,C
22,41327830,A,G
22,41327911,A,C
22,41327937,C,A
22,41328086,G,A
22,41328095,G,T
22,41328172,T,G
22,41368665,G,A
22,41368811,G,C
22,41368823,A,G
22,41368993,C,A
22,41523607,G,A
22,41527498,C,T
22,41542804,A,G
22,41543908,T,G
22,41545866,T,G
22,41547878,T,C
22,41547921,G,C
22,41553259,G,A
22,41566497,C,T
22,41568559,T,C
22,41573433,C,T
22,41574684,C,G
22,41574693,T,C
22,41575057,A,G
22,41575097,C,T
22,41605717,A,G
22,41605804,G,C
22,41610024,G,A
22,41616760,T,C
22,41626300,C,G
22,41626459,T,C
22,41626477,T,A
22,41626509,T,C
22,41626663,T,C
22,41626881,C,A
22,41627241,C,T
22,41627247,G,A
22,41627260,C,T
22,41627266,G,A
22,41641184,A,G
22,41641258,A,C
22,41645757,G,C
22,41648956,C,T
22,41677010,A,C
22,41726092,G,A
22,41753569,C,T
22,41753886,A,G
22,41753920,T,A
22,41754685,C,A
22,41755554,G,C
22,41755618,A,G
22,41755846,A,G
22,41792515,A,G
22,41792594,G,C
22,41793461,G,A
22,41794003,C,G
22,41794101,T,C
22,41794301,C,T
22,41794384,G,A
22,41794426,T,C
22,41794628,T,C
22,41794898,A,G
22,41795121,G,A
22,41829794,G,C
22,41831046,G,A
22,41831318,C,T
22,41833116,T,C
22,41855912,C,A
22,41855923,C,A
22,41856053,G,A
22,41856137,A,T
22,41911452,C,T
22,41919214,G,A
22,41922886,A,G
22,41923872,G,A
22,41924066,G,A
22,41924181,G,C
22,41940440,G,A
22,41972120,G,A
22,41973217,G,A
22,41980044,G,A
22,41982159,T,C
22,41995045,A,G
22,41995335,T,C
22,41996850,A,G
22,42053010,C,T
22,42070276,C,T
22,42070344,T,G
22,42070973,T,C
22,42076348,T,C
22,42110051,G,A
22,42114205,T,G
22,42120038,G,T
22,42125746,A,G
22,42128551,C,T
22,42139128,A,G
22,42141036,C,G
22,42148649,G,A
22,42159229,T,G
22,42172152,T,A
22,42180417,A,G
22,42180775,C,T
22,42195417,T,C
22,42204947,T,C
22,42206240,C,T
22,42209791,A,G
22,42221855,C,A
22,42222007,G,A
22,42224026,C,T
22,42224209,G,A
22,42224356,C,T
22,42224566,A,G
22,42224981,C,T
22,42225006,G,A
22,42225085,G,C
22,42225114,C,T
22,42225130,G,T
22,42225371,A,G
22,42225438,C,T
22,42225671,A,G
22,42225790,T,G
22,42226395,T,C
22,42226555,T,G
22,42263085,A,G
22,42263173,A,G
22,42271713,A,G
22,42276742,G,C
22,42293062,C,T
22,42293140,G,C
22,42302121,C,T
22,42302165,C,T
22,42302311,G,A
22,42302466,G,T
22,42318445,A,G
22,42341308,A,G
22,42393456,A,G
22,42393536,T,G
22,42393547,G,A
22,42415389,G,C
22,42415782,G,A
22,42423067,C,T
22,42423110,C,T
22,42423384,A,G
22,42423393,T,C
22,42423407,C,T
22,42423480,G,A
22,42423487,A,G
22,42423555,G,A
22,42423714,C,A
22,42423862,A,G
22,42423926,C,T
22,42423947,T,C
22,42424042,T,C
22,42424050,A,C
22,42424392,A,G
22,42454354,A,G
22,42454468,C,G
22,42454629,A,T
22,42454858,G,C
22,42455016,C,T
22,42455248,C,A
22,42455711,C,T
22,42463814,T,C
22,42463935,T,C
22,42466399,C,A
22,42466509,G,C
22,42470317,C,T
22,42479259,G,A
22,42479571,T,A
22,42479674,C,T
22,42479795,G,T
22,42481921,A,G
22,42482038,A,G
22,42482051,G,A
22,42483141,G,T
22,42523943,G,A
22,42556436,A,G
22,42607211,G,A
22,42608402,T,C
22,42608762,C,T
22,42609240,C,A
22,42609503,A,T
22,42609992,T,A
22,42610359,G,T
22,42610518,T,C
22,42776588,C,T
22,42776609,G,A
22,42776840,G,A
22,42777220,G,T
22,42777229,A,G
22,42777621,G,A
22,42777662,T,C
22,42777694,G,A
22,42777716,A,G
22,42777866,C,T
22,42777935,C,A
22,42777966,T,C
22,42778116,T,C
22,42778210,C,T
22,42778325,G,A
22,42778375,C,A
22,42778511,C,T
22,42778677,C,T
22,42778740,C,A
22,42779699,C,T
22,42780331,C,G
22,42781093,A,G
22,42905177,C,T
22,42905495,G,C
22,42906958,T,C
22,42907182,C,A
22,42970242,A,G
22,42970263,G,C
22,42979848,G,A
22,42980268,T,C
22,42981138,C,T
22,42981167,A,G
22,42981188,C,T
22,42981410,C,A
22,42992200,C,T
22,42999073,C,T
22,43013878,T,C
22,43014773,A,G
22,43019846,T,C
22,43036053,G,A
22,43088298,A,G
22,43089055,C,G
22,43193254,C,T
22,43193323,T,C
22,43195099,T,C
22,43203096,G,T
22,43203116,C,T
22,43204784,A,C
22,43206836,G,A
22,43218292,A,G
22,43218297,A,G
22,43230253,G,C
22,43266508,G,A
22,43267063,G,A
22,43267187,C,T
22,43308089,T,C
22,43308104,G,A
22,43435746,G,A
22,43435764,A,G
22,43455396,A,G
22,43464586,T,C
22,43465814,A,G
22,43485385,G,T
22,43520122,A,G
22,43520175,A,G
22,43525533,C,A
22,43528240,A,G
22,43528836,G,A
22,43529314,G,C
22,43558926,G,A
22,43562705,A,G
22,43563249,G,A
22,43563711,G,A
22,43567861,C,T
22,43568495,G,A
22,43593496,G,A
22,43593877,G,C
22,43593961,A,G
22,43594046,G,A
22,43594148,G,A
22,43594227,G,A
22,43595091,C,T
22,43595192,G,T
22,43595400,A,G
22,43596125,T,G
22,43596200,C,T
22,43597430,C,G
22,43598379,T,C
22,43598604,C,T
22,43599133,C,A
22,43606143,T,C
22,43623395,G,C
22,43715992,A,G
22,43902431,T,C
22,43924681,C,T
22,43930571,C,T
22,43930610,G,A
22,43930729,C,T
22,43976380,C,T
22,43976423,T,C
22,43985966,T,C
22,44028009,A,G
22,44064864,A,G
22,44079660,C,T
22,44079667,T,C
22,44112809,T,C
22,44112845,T,C
22,44127613,G,A
22,44131765,T,A
22,44151707,C,T
22,44178088,A,G
22,44178175,T,C
22,44204958,A,G
22,44205003,C,T
22,44220398,A,G
22,44220591,A,T
22,44220699,T,C
22,44221185,C,T
22,44221206,C,T
22,44221427,A,G
22,44275970,G,A
22,44276105,C,T
22,44276301,G,A
22,44276320,A,C
22,44276426,A,G
22,44282199,T,C
22,44282276,G,A
22,44282307,G,A
22,44324710,G,A
22,44328883,T,C
22,44342116,G,A
22,44342452,C,G
22,44342588,A,C
22,44342677,C,T
22,44342742,T,C
22,44342870,A,G
22,44360335,G,C
22,44360383,A,G
22,44368123,C,T
22,44368204,G,A
22,44379822,C,T
22,44379838,G,A
22,44395110,C,T
22,44489860,C,T
22,44489896,C,T
22,44564819,A,G
22,44564874,C,T
22,44564947,G,A
22,44565030,C,T
22,44586456,T,C
22,44589694,G,C
22,44589702,A,G
22,44594554,C,T
22,44602229,C,A
22,44602243,T,C
22,44602290,A,G
22,44602318,T,C
22,44602407,G,A
22,44602414,G,A
22,44602549,A,C
22,44602617,T,C
22,44602646,C,A
22,44602923,C,T
22,44603684,C,T
22,44604042,C,T
22,44604098,A,T
22,44604114,A,G
22,44639797,C,T
22,44639856,C,T
22,44639883,C,T
22,44641340,C,T
22,44641547,G,A
22,44641673,G,T
22,44642141,T,G
22,44642949,T,G
22,44643064,T,C
22,44643640,T,G
22,44644753,T,C
22,44645013,G,A
22,44708655,C,T
22,44888468,C,A
22,44888544,C,T
22,44888591,T,C
22,44889009,C,T
22,44889085,A,T
22,44889109,G,A
22,44889341,A,C
22,44889386,T,C
22,44889447,A,C
22,44890507,T,C
22,44890613,G,C
22,44890618,A,G
22,44892135,G,A
22,45198009,G,A
22,45204922,G,A
22,45204930,A,G
22,45255688,C,T
22,45258495,G,A
22,45258580,T,C
22,45277165,C,A
22,45277702,G,A
22,45277839,C,T
22,45277900,G,C
22,45277942,A,C
22,45278073,G,A
22,45278080,A,G
22,45278129,T,C
22,45278187,T,A
22,45278499,T,C
22,45278712,G,A
22,45559908,T,C
22,45559997,C,T
22,45567561,T,C
22,45571922,G,A
22,45580899,C,G
22,45581521,T,C
22,45582129,C,T
22,45583277,A,C
22,45583606,T,G
22,45583642,G,A
22,45583898,G,A
22,45588211,A,G
22,45588226,C,A
22,45588248,G,A
22,45588335,C,G
22,45588604,T,C
22,45589096,G,C
22,45589147,G,A
22,45589200,T,C
22,45589336,A,G
22,45589356,T,G
22,45589406,C,G
22,45589412,T,C
22,45589439,A,C
22,45589453,T,C
22,45589563,A,G
22,45589630,A,C
22,45589731,G,C
22,45589774,A,G
22,45589817,T,C
22,45589845,T,C
22,45589857,A,G
22,45590489,C,G
22,45590515,T,C
22,45590650,C,A
22,45591736,C,T
22,45595869,A,G
22,45601782,A,G
22,45683246,T,C
22,45683304,C,G
22,45685002,G,A
22,45719110,C,T
22,45723807,C,G
22,45723842,A,G
22,45728370,A,G
22,45736434,G,C
22,45736661,C,T
22,45736767,G,A
22,45737014,A,C
22,45737249,C,T
22,45737310,G,A
22,45737350,T,G
22,45737368,T,C
22,45737481,C,T
22,45740040,C,T
22,45740126,C,A
22,45749869,T,C
22,45749983,G,T
22,45750849,C,T
22,45750880,T,G
22,45768062,C,T
22,45782903,C,T
22,45798217,A,T
22,45798446,T,A
22,45802452,A,G
22,45802478,T,A
22,45809624,A,C
22,45813511,A,G
22,45813751,G,C
22,45821887,A,G
22,45821956,G,C
22,45826880,A,G
22,45828203,G,A
22,45923783,C,T
22,45923801,T,C
22,45923827,G,A
22,45923856,G,A
22,45938162,C,G
22,45972984,C,T
22,45996392,T,C
22,45996607,T,G
22,45996788,T,C
22,45996906,G,A
22,45996944,G,A
22,46098665,G,A
22,46134667,T,C
22,46136256,G,A
22,46240090,G,A
22,46240314,G,A
22,46594328,C,T
22,46615773,T,C
22,46627973,A,G
22,46628111,T,C
22,46631446,C,G
22,46631877,C,G
22,46632542,T,C
22,46632588,C,T
22,46632633,A,C
22,46632849,T,C
22,46633023,T,G
22,46633221,A,G
22,46633782,G,A
22,46634067,C,A
22,46635027,C,T
22,46635069,A,G
22,46635163,C,T
22,46635270,C,T
22,46635347,T,C
22,46635617,G,A
22,46635633,T,C
22,46635793,C,A
22,46636289,G,A
22,46636309,T,C
22,46636409,C,T
22,46636451,A,G
22,46636836,C,T
22,46636949,A,C
22,46636957,T,C
22,46637097,C,T
22,46637132,A,G
22,46637516,G,T
22,46638075,G,C
22,46638216,C,G
22,46638498,G,C
22,46638662,C,T
22,46638745,A,G
22,46638757,T,A
22,46638916,C,T
22,46639259,A,C
22,46639370,A,G
22,46640227,T,C
22,46640278,A,C
22,46640637,C,T
22,46651672,G,A
22,46651697,G,A
22,46651905,T,C
22,46651996,C,A
22,46652048,C,A
22,46652779,C,T
22,46652908,C,T
22,46653118,T,C
22,46653381,T,C
22,46653533,A,C
22,46654266,T,C
22,46654323,G,A
22,46654759,G,A
22,46654840,C,A
22,46655168,C,G
22,46655188,G,A
22,46656607,G,A
22,46657040,C,T
22,46657119,T,G
22,46657307,A,G
22,46657334,A,G
22,46674536,A,G
22,46677607,C,T
22,46689112,G,A
22,46704102,G,A
22,46704250,T,G
22,46704325,A,G
22,46709902,T,C
22,46712054,T,C
22,46712065,G,A
22,46722400,C,T
22,46725374,A,G
22,46726030,C,A
22,46726190,A,C
22,46726445,T,G
22,46726565,C,T
22,46739162,C,T
22,46746210,T,C
22,46757223,A,G
22,46757364,A,G
22,46757371,G,C
22,46757554,C,T
22,46757570,T,C
22,46757944,A,C
22,46774503,A,G
22,46792510,A,G
22,46829377,G,A
22,46929692,G,A
22,46931077,C,G
22,46931793,C,G
22,46931838,A,G
22,47016352,T,C
22,47058992,C,T
22,47073875,C,T
22,47074937,C,T
22,47075462,T,C
22,47080465,T,C
22,47080751,A,G
22,47080821,A,C
22,47081088,G,A
22,47082153,C,G
22,47082168,G,A
22,47082175,G,C
22,47083010,C,T
22,47116062,C,T
22,47116903,G,C
22,47308032,T,G
22,47569571,C,G
22,47570544,A,G
22,49147479,G,A
22,50277069,T,C
22,50277088,G,A
22,50277257,C,T
22,50277394,T,C
22,50277835,C,T
22,50277883,G,A
22,50278438,G,A
22,50278568,G,A
22,50278642,T,C
22,50278715,C,T
22,50278864,A,G
22,50279190,C,T
22,50280136,C,T
22,50280893,A,G
22,50281658,A,G
22,50281825,A,G
22,50281851,G,A
22,50281917,G,A
22,50281930,T,C
22,50281942,T,A
22,50281961,G,A
22,50281998,G,C
22,50282076,C,T
22,50282204,A,C
22,50282288,G,A
22,50282376,T,A
22,50282603,G,A
22,50282952,G,T
22,50283243,A,G
22,50283284,A,G
22,50283666,A,T
22,50283679,C,T
22,50294019,A,G
22,50296891,C,T
22,50296938,G,A
22,50356693,C,T
22,50356850,T,C
22,50357416,T,C
22,50430240,T,C
22,50430387,G,A
22,50430691,C,T
22,50430744,C,T
22,50430821,C,T
22,50430827,G,A
22,50430849,C,T
22,50431065,A,G
22,50431078,A,G
22,50431414,T,C
22,50435480,G,A
22,50518398,C,T
22,50523704,G,A
22,50530501,A,T
22,50537935,G,A
22,50547247,G,A
22,50552159,G,A
22,50563995,G,A
22,50581518,C,T
22,50582666,C,G
22,50599135,A,G
22,50599404,T,C
22,50599466,C,A
22,50616656,C,T
22,50616806,G,A
22,50637193,G,A
22,50637597,C,G
22,50657010,G,C
22,50664612,G,A
22,50683792,G,A
22,50688348,G,A
22,50691838,G,C
22,50694297,G,A
22,50699668,G,A
22,50702407,A,G
22,50702456,C,T
22,50702507,G,A
22,50702512,T,C
22,50702611,G,A
22,50704661,C,T
22,50705466,G,A
22,50713866,C,G
22,50719251,G,A
22,50722134,C,T
22,50748325,T,C
22,50748943,C,T
22,50749153,C,T
22,50749241,C,T
22,50749352,G,A
22,50810536,G,C
22,50845218,T,C
22,50877166,C,G
22,50883202,A,G
22,50883359,G,A
22,50883461,C,T
22,50883961,A,G
22,50884644,G,A
22,50884655,T,C
22,50884827,G,T
22,50885775,G,A
22,50941985,C,T
22,50944163,A,G
22,50961854,C,T
22,50962208,G,T
22,50962782,G,C
22,50964862,A,G
22,50985703,G,A
22,50986360,C,T
22,50988193,G,A
22,51007467,G,C
22,51007479,G,T
22,51043278,A,G
22,51045190,T,C
22,51051867,A,T
22,51062654,C,T
22,51062933,G,A
22,51062938,C,T
22,51062996,G,T
22,51063072,T,A
22,51063101,T,A
22,51063233,A,T
22,51178212,T,C
22,51178380,C,T
22,51183255,G,A
